sale_id,date,branch,product,unit_price,quantity,discount,payment,gross_revenue,revenue,discount_amount,category,unit_cost,ingredient_cost,contribution,weekday
1,24-08-26,Central,Coffee,3.5,2,0.0,Card,7.0,7.0,0.0,Drink,1.0,2.0,5.0,Monday
2,24-08-26,Central,Tea,2.5,3,0.0,Cash,7.5,7.5,0.0,Drink,0.5,1.5,6.0,Monday
3,24-08-26,Central,Cake,4.0,1,0.1,Card,4.0,3.6,0.4,Food,1.5,1.5,2.1,Monday
4,24-08-26,Station,Sandwich,6.0,2,0.0,Card,12.0,12.0,0.0,Food,2.8,5.6,6.4,Monday
5,24-08-26,Station,Coffee,3.5,4,0.1,Cash,14.0,12.6,1.4,Drink,1.0,4.0,8.6,Monday
6,25-08-26,Central,Coffee,3.5,3,0.0,Card,10.5,10.5,0.0,Drink,1.0,3.0,7.5,Tuesday
7,25-08-26,Central,Sandwich,6.0,1,0.1,Card,6.0,5.4,0.6,Food,2.8,2.8,2.6,Tuesday
8,25-08-26,Station,Tea,2.5,5,0.0,Cash,12.5,12.5,0.0,Drink,0.5,2.5,10.0,Tuesday
9,25-08-26,Station,Cake,4.0,2,0.2,Card,8.0,6.4,1.6,Food,1.5,3.0,3.4,Tuesday
10,25-08-26,Station,Coffee,3.5,1,0.0,Unknown,3.5,3.5,0.0,Drink,1.0,1.0,2.5,Tuesday
11,26-08-26,Central,Tea,2.5,2,0.0,Cash,5.0,5.0,0.0,Drink,0.5,1.0,4.0,Wednesday
12,26-08-26,Central,Cake,4.0,3,0.0,Card,12.0,12.0,0.0,Food,1.5,4.5,7.5,Wednesday
13,26-08-26,Station,Sandwich,6.0,3,0.1,Card,18.0,16.2,1.8,Food,2.8,8.4,7.8,Wednesday
14,26-08-26,Station,Coffee,3.5,2,0.0,Card,7.0,7.0,0.0,Drink,1.0,2.0,5.0,Wednesday
15,26-08-26,Central,Coffee,3.5,4,0.2,Cash,14.0,11.2,2.8,Drink,1.0,4.0,7.2,Wednesday
16,27-08-26,Central,Sandwich,6.0,2,0.0,Card,12.0,12.0,0.0,Food,2.8,5.6,6.4,Thursday
17,27-08-26,Central,Cake,4.0,2,0.0,Cash,8.0,8.0,0.0,Food,1.5,3.0,5.0,Thursday
18,27-08-26,Station,Tea,2.5,4,0.1,Card,10.0,9.0,1.0,Drink,0.5,2.0,7.0,Thursday
19,27-08-26,Station,Coffee,3.5,3,0.0,Card,10.5,10.5,0.0,Drink,1.0,3.0,7.5,Thursday
20,27-08-26,Central,Tea,2.5,1,0.0,Card,2.5,2.5,0.0,Drink,0.5,0.5,2.0,Thursday
